horas_uso,temperatura_c,vibracao_mms,corrente_a,fator_potencia,falha
7370,46.251219662868245,2.0416735354966216,15.444532264896484,0.9398047690741037,0
960,39.30122785921647,2.440642390716384,14.041326277118296,0.9082606862581536,0
5490,38.292774211001515,1.513276629300262,17.3117701683854,0.9124531584610438,0
5291,54.43414056062119,1.9973013118192329,14.158122228615431,0.9343456716231755,0
5834,45.91941675952579,2.519194377867306,17.2166753732743,0.9087003617793585,0
6365,45.50047721289849,2.2527120466083494,16.193565559349953,0.9284642474891404,0
566,44.548861679718954,2.6547364481753566,16.853211016088814,0.9266297052404352,0
4526,48.90536633808226,1.7159288350828328,12.80289831838721,0.9228353171792216,0
5678,57.693455508687435,1.084615775802567,15.196620384476205,0.8973120723458703,0
8422,47.61976333553897,2.1003259019778433,14.894343990850462,0.9445954844904387,0
1785,42.059565868427235,2.1812854075132426,12.155986950184934,0.9644136759316623,0
869,44.33299571054228,2.6842109772363374,17.21012145960582,0.920176562765348,0
7049,50.354982336026275,2.594072867353492,13.365198206185301,0.8990729025325925,0
2533,42.08599699293501,2.268371811506231,13.780864342328034,0.9205820541665005,0
5411,49.26123244515134,2.3826951070852167,12.973368328804549,0.9397972028117201,0
5151,33.39631313010935,1.9040892708966803,16.40237265214075,0.9076962464856879,0
6520,43.85060214276807,1.3904426943403916,11.948140562454808,0.9174220163176362,0
1284,48.140700067403344,2.058860608690455,16.235749600929136,0.9268130827282429,0
4655,51.35062773287858,2.4912867318138887,17.08902797248692,0.9440609570441185,0
3485,40.90762891478804,2.328180434914274,16.074356855251523,0.9355084746617875,0
6496,37.48617491184698,2.4169036695796824,16.425256967692857,0.9363373593906453,0
8766,59.698175054705715,4.538408313973671,23.787770807455615,0.7693322584023511,1
9374,39.372904961265554,1.8672265809907882,13.101151346548471,0.9280383791034785,0
2658,44.25481666635235,2.2417127440573017,17.86946995932869,0.9055607334574974,0
7949,44.966732726843816,1.7267463027456227,14.079847491733002,0.9369105219977043,0
2147,38.404274773990274,1.742141465033499,14.867224764820056,0.9430243928157123,0
2847,49.02219555055433,2.148991118188726,14.334725363298082,0.9310672713754525,0
9267,44.213930533177745,2.380452371578454,15.983084241754618,0.9126517882641038,0
289,50.40229934502675,1.9002356633352957,13.923925513725155,0.9159254574391681,0
2834,35.77547379851953,1.4184052694731806,15.133831448474737,0.9561303242132402,0
3105,39.914039147273044,1.6320980424785851,12.529312365707991,0.9129857911075301,0
4758,47.583346543240616,2.101836042446549,17.329330417003142,0.9409998833490114,0
1999,41.00444714587368,2.0957604819329823,16.341481891900408,0.9267778319643705,0
7834,44.17732170975152,2.120619068827674,14.41548047619646,0.9133172710308032,0
1367,45.00349558778587,2.2606476452978783,14.06170193994838,0.8931070194506116,0
1628,45.79127990476684,2.002905279271225,16.289256492635392,0.9242320076117702,0
3656,41.612168936331464,2.132528022420156,13.585413238728076,0.9218220173321224,0
3990,45.74643281736239,1.9774865885855666,15.250730631530338,0.9561306934291867,0
8938,41.0872814738276,2.5743667414647193,17.32279757486281,0.9027961460915501,0
5493,48.37140234373388,2.716171015608751,13.377485761725616,0.9658953718309558,0
8892,44.425779902584885,1.4054943588099826,15.737201658240405,0.9275762105899319,0
8533,45.77518311797759,1.8723740289488733,15.631450533870984,0.9275565844244432,0
7613,57.84963419845167,2.016362245770354,14.805326362674634,0.9081385573113554,0
2712,39.464477726999895,1.8665426439928394,13.992420831792126,0.9262941261510894,0
7141,51.94291134520144,2.8964612956654365,17.42959411378877,0.9294610185646643,0
9655,45.83287255670827,4.323305707893505,26.49749343937745,0.816142150399668,1
6335,34.60811672540528,1.597314086474828,11.37592219774076,0.9004335558481612,0
5586,38.79679961156214,2.2982211697803354,16.281067183262067,0.9481356171157608,0
7199,39.11235817362532,2.135487269423096,12.597393300464333,0.9272283104754396,0
9770,46.01850899069425,2.1520964597767107,16.383762289710173,0.9321645779061463,0
875,46.44921132084234,2.903938079399595,17.66980649568689,0.9155811547699049,0
8326,57.3688377472678,3.9280999428472514,25.377204335380448,0.79602041691774,1
3252,44.25061016618769,1.848169238063002,17.14282260377498,0.9214544925480658,0
1685,47.6388238046583,1.0223617868449495,19.040098213859295,0.9237459109964644,0
4043,49.16611938810371,1.917300490928244,16.933520925217895,0.8922914346377102,0
7655,38.36730491945121,2.6529849586635943,15.661146785250871,0.9358657081033025,0
3173,43.19054514383498,1.9544154402219065,18.267896367047296,0.9399304926779316,0
1121,44.652050885434946,0.8799750507402484,18.50955108969317,0.9054067075235775,0
3943,47.42657998280227,1.7508188039037766,18.537543566518842,0.8995482929945582,0
8089,41.136664288632645,2.496344269456396,14.015712969607995,0.913940772462514,0
9792,44.55389412203165,2.2729085872810075,12.291963283003192,0.920477901939726,0
6973,45.149918172635786,1.5800595517446323,13.893615633130226,0.9147165798016934,0
5775,41.47764948270235,1.717357611800459,16.40728323158635,0.9187816433445843,0
261,41.35842425026057,1.7946456704487916,15.318317890664211,0.9244295539535183,0
4397,45.49372888818667,1.668643114068535,14.587038029646306,0.8926346212254874,0
1095,44.34827427006396,0.9851630661302089,16.12096279760987,0.8949340874539348,0
7729,47.50238759710316,2.3817955503099277,12.058389836653465,0.8655544451815371,0
9567,39.73370639677502,2.6285299783445466,15.282338597383083,0.9388509045690695,0
1116,43.246592360606066,1.2407755280176298,17.236915289695755,0.920304540412349,0
7969,43.85391974223204,2.621926466293157,16.098631289116458,0.9409570226293031,0
6539,49.069319540618025,1.9484883993013922,16.38361964366746,0.8972452400837722,0
7992,40.29793112716049,2.612566174083937,18.194745579905028,0.9204881467906633,0
6963,46.173260025775434,2.018975218145223,14.867713430252666,0.924296530122332,0
8016,46.263777537689435,2.067772296079315,13.693816677299328,0.9087643501033997,0
8629,53.231986213399864,2.1862173234911064,17.379030085330083,0.8889314440306642,0
978,39.96455317846869,1.604966837432361,17.342241262067855,0.9549174267227032,0
9368,41.71383340941253,2.5973370721640108,16.116583349511593,0.9479856668254011,0
4987,40.313221588883394,1.4393096809626076,14.679257998835103,0.9123613545654927,0
4959,36.651104139658,1.7989666277416647,15.00275930201597,0.9302045529033922,0
6431,53.82343467131359,2.2621323388215844,12.446454095737828,0.9103041864728622,0
8671,38.792493845254384,1.7454023797572682,17.225893060414407,0.9000919279395051,0
8784,40.91847295472577,2.388765620407472,17.155302619058286,0.9565452300991403,0
7308,51.5788325414108,2.687933086591978,12.376634499066432,0.886892622371884,0
5376,36.23446476530892,2.5062730005269183,16.73526416781227,0.9142899260605778,0
2162,48.7817578464369,1.0319423431606891,15.808203310018017,0.9216864765448447,0
164,37.93487827329111,2.0629234848096787,12.956051779218408,0.9530247315737458,0
8106,74.8476081575755,5.626140463551584,25.60947119964507,0.8275718775568914,1
2668,34.15061156479571,1.3416255765889715,15.746986538803444,0.8865550045086537,0
5563,36.23265291874669,2.3618052936144376,14.204591772186165,0.9199449951793164,0
2127,42.275388825205454,2.333730390819656,18.63989770109934,0.9204212039672872,0
2795,49.859113450863674,1.3939550540308674,16.90519678929781,0.9154332332940112,0
9787,65.01954316071287,7.413966551558932,25.68301475044437,0.8006260362635335,1
5358,43.32142463556715,2.1363488967649675,16.046158008004788,0.8918178614448805,0
5718,51.73022103732359,2.3251908943606345,17.661734360734336,0.9118272817492666,0
6836,55.77619769216537,1.5168438071174337,16.693036183454677,0.9295763749642616,0
491,48.36128642206886,2.075068058185692,15.999532876992046,0.9335915137032129,0
5992,41.885727484493586,1.147560722933838,13.03947764740498,0.922988389470184,0
3661,42.90928482995364,0.8615043962334745,21.123893930812436,0.9142321559939941,0
6284,38.557763101213375,2.070414213263875,12.793634485383533,0.9176011745274706,0
3199,45.50408711127026,2.550298803380655,14.37491452579967,0.9348081424475447,0
6378,36.85203507011836,2.12646840713254,11.690543447180005,0.9206780156825093,0
8492,47.7593182765475,1.968276968027927,16.077596317538525,0.8991630490911895,0
3204,55.02787022819977,1.9062329399725633,15.302220874569615,0.895330048321102,0
7315,48.58795789896525,1.5287173042784672,16.53055287672952,0.8902072515712779,0
2554,42.65426139902533,1.889069548102347,11.521868737791133,0.9491116163697871,0
9096,47.63468706315895,2.2108422341322225,17.225811334761865,0.9361492367122489,0
2831,53.102667225829386,1.7823888835996857,13.38512919706077,0.9178702423363891,0
8254,52.85247317630569,2.3752934269178883,14.701989601272269,0.9109241502967184,0
9862,39.98121054218315,2.0979875169323012,16.86314253736213,0.9085213998406528,0
5156,47.55148194791162,2.1584897088867034,15.5225333682638,0.9418647421516443,0
8210,44.209492549649006,2.44433137677548,15.663885113333727,0.9580886701634949,0
3940,49.03296623956843,1.7366222836725047,16.5983576398108,0.9078921415214493,0
1128,46.91806976908386,2.329690293093476,15.857581279877449,0.9427683104131143,0
7485,33.151392952577766,1.8067616413740129,14.317784194902565,0.9205602583071778,0
602,43.2599345685158,2.16975724190942,14.667061743529542,0.9157514214017907,0
7010,45.99279181448146,1.6771143246817157,15.423757357303646,0.9500842856565985,0
9162,56.648592517645156,4.137762843963259,21.60461780037436,0.8138972564709681,1
7038,47.90511004932993,2.0459323728242467,16.99201731877734,0.9259272887850928,0
4588,37.379923791364845,1.0573999739894413,15.577307861614969,0.924965478658229,0
306,41.00780476291473,1.851866278245559,15.149552535843938,0.887488012666811,0
5234,51.706559598500675,1.1968114971954098,17.38499311806294,0.9257682229743213,0
6077,40.581111055678655,2.389617017156804,14.759772713577261,0.9087461595111954,0
7821,47.86983479600838,2.525055298054457,14.635158005695166,0.8915769371970876,0
7135,36.23213141045657,1.568024389289597,14.03074247199207,0.9096572583910247,0
1584,55.40657328382571,2.2141564812367482,15.68613401785187,0.9094922226072611,0
7958,43.47723180756371,2.449567856843746,15.61690021666303,0.9405976507826067,0
963,45.47660403473859,2.4512346112508916,13.667431598980187,0.8987242076779594,0
2890,45.895183982744825,2.1072254169858207,14.644612045773199,0.9042030512190149,0
7508,48.037834321656796,2.367152337780748,13.680795462961534,0.9247077652109603,0
8855,37.40410008506912,1.675334344039803,13.59026309236902,0.893484124572915,0
5216,44.973317645816685,2.04156123282834,11.540204336546307,0.9068198648353534,0
6119,41.706155871093216,1.766448296604612,14.538179492636889,0.8867104652933356,0
1857,36.55221386960865,1.633106013107318,11.595573467839976,0.938400229200108,0
7674,49.93561100064355,2.018031695734814,14.074368627320977,0.9139727375911963,0
6474,43.23913508200205,2.173765188079037,13.774610708244783,0.9196816430999551,0
6992,46.2126021280626,2.5817543839774935,17.103790114531208,0.9383202063958218,0
1778,45.8992270936403,2.1325777636494436,12.970130387380717,0.9055546223269223,0
3342,43.32573863811943,2.3209652674807755,13.477627230371048,0.91376025982704,0
4736,54.87513676815391,2.3266415866247687,14.236951721616855,0.8988734400138852,0
1159,44.763676736854954,3.34376718284848,13.839712696994448,0.8988299255800838,0
6768,37.21023841161666,1.0949837983637103,17.73850959484375,0.9015883421198825,0
3257,42.998093199083414,1.6560330665814111,12.72286525390076,0.9101501921833267,0
6015,47.49868810056055,2.7370280262440403,14.241191002028316,0.9123040893165387,0
9889,47.662975546852756,1.823993462573263,15.664130498328813,0.9257726430179677,0
2793,39.56109532369119,2.4429015688008597,16.762366686084015,0.902175661039162,0
3727,49.64741253672385,2.1150047618814183,14.239516888139594,0.9263926535183495,0
9655,36.1856653556448,3.0526012006040055,11.163800798992416,0.9297000258304646,0
5550,50.72067601308209,1.443472786468144,14.699791556828991,0.9106435563433547,0
1763,38.40326055431297,2.6109002762594065,17.70405695236143,0.9039055085516324,0
9821,43.86877390495662,2.8747906526362494,15.564374814860853,0.9217015806395998,0
5692,50.3228433901335,1.4927905614160002,15.472835724719864,0.9159416507397912,0
7492,45.59802834443535,2.391435121790673,12.873964016846006,0.924407036585471,0
1406,49.08349258856785,1.5172510070854721,12.66865681942267,0.9513973287251993,0
6876,48.09330979854966,2.0150807862675624,15.036083297268199,0.9213727409685544,0
5964,51.43134306702301,1.8717060349089132,12.147242155437183,0.9072153887743974,0
9574,65.88853388926846,3.278028854869704,20.88701274096415,0.8098959010421695,1
7626,42.73127845731779,2.212117129855949,13.306707502267276,0.9029559673735683,0
9001,48.16470816896732,2.0716695838031156,14.950685438537013,0.8907446738577777,0
5675,37.36724069151127,2.7395394867028804,11.228466162491516,0.9386548721669116,0
5630,44.71047546331108,2.3055718273247714,14.212396263112987,0.8753344236128847,0
4513,49.0924236731927,3.1454419620393814,12.628278905739593,0.9297620963543861,0
3848,45.66923827123,2.0535211910393567,10.356087165316378,0.9026387218664954,0
763,47.233198657585426,1.9472349739988464,16.083684178672634,0.9097518957075177,0
2098,43.93363812017104,1.907821674641452,18.282319078183146,0.9020402471691122,0
8094,50.64534718767571,1.7802056444841132,17.258947178687894,0.9489172931928407,0
1595,44.59792113145504,0.8961245418087156,16.36338137980761,0.9203263120337156,0
3404,42.67274908797973,1.8899026864960211,14.171757664108908,0.935807570500857,0
3863,49.43258706284527,0.9660726367820038,16.61178045709565,0.9460105371719202,0
5332,37.9742003881777,2.2260166722928845,17.447706397147456,0.9232681094804481,0
1953,47.505166717586725,1.3799698537647078,15.273643659342587,0.8960875245828958,0
6685,39.7875756288643,1.55283368845579,12.631279655375955,0.9155871449976846,0
1391,51.38963414619083,1.665294902583724,14.001231402817258,0.905155039728676,0
3681,43.69486373376602,1.8975324810933774,18.40539297669587,0.9099299167622541,0
7654,45.674923604098446,2.0034341274695184,14.850511663699667,0.9181075241470142,0
7380,47.06285198322061,2.5422397915365353,8.350488560177808,0.9173168871581547,0
1736,35.35157701842921,1.711234953246223,12.062153072659612,0.9282421832204057,0
3796,41.74707579221572,2.240073068111185,14.151102593715038,0.9311460858756098,0
798,50.217729546432764,3.3654336166117838,17.07165047683514,0.9173170964746709,0
4837,49.338825120854445,2.188675351381615,14.453755295186177,0.9280693783621584,0
954,46.41516102697608,1.909755105534183,17.10886330994652,0.9090128029012912,0
8264,38.25268214287238,1.6104241740358514,13.947675292905021,0.9462955965119301,0
5955,47.9275173042929,1.9028342272898358,11.071414955528773,0.9086897742356471,0
7492,48.566997951027226,1.5568898281952972,14.01687768280383,0.9439437296924486,0
6628,45.235086065618724,2.1343307133418863,15.68989000309257,0.8904786581645656,0
5349,51.11585475295729,2.0517720693196964,15.523900698682626,0.9123918548517831,0
5272,41.58284104934938,0.9188903895411034,12.489784501486728,0.9133804365277279,0
1807,42.45071211250013,1.9907209971169662,14.297607596392469,0.9255798358949695,0
5891,32.576942104570925,2.5380731563200065,20.369348476128145,0.9372363360643765,0
5635,49.59913755073832,1.8004440738986252,12.533462347406246,0.8950120959388095,0
5031,46.56930981735067,1.673551613794219,16.3214467889275,0.8978403391591419,0
3610,36.590898374333854,1.3111496134415739,10.80664860286041,0.8919618386456752,0
302,36.20700500002926,1.0710039791877977,16.727583649139323,0.9464036839439683,0
4318,40.636846863144946,2.4156746335316273,13.215349219623107,0.9259520988559425,0
9058,48.96828970990177,1.909260835210402,15.80417651640588,0.8983125758308576,0
4489,43.49819755955686,2.3860107810017115,12.416948796463597,0.9111381025208787,0
2427,40.976065416698376,2.7656618722897344,15.581705600353414,0.94363522791323,0
8104,39.96942053458252,2.4606238424551727,13.182699408517124,0.9144376153937753,0
3031,39.745440210859066,1.728813839280602,13.56990363406675,0.9132562372441766,0
7877,35.3316084944622,2.0724338323287776,15.88397201279006,0.9043740658635389,0
297,38.96302084176813,1.6926135674215408,14.139229047205967,0.8995001537236248,0
7225,39.64710960161416,1.6458557686991684,15.760762896432622,0.9436664762088631,0
2030,48.413116182285734,2.171407581201312,14.618317362713299,0.9534780317748413,0
6387,44.17138473426692,1.5838530584409138,15.13498736249455,0.9002961119442531,0
8900,61.12475749887725,5.385226822027003,23.458707195586854,0.8573920356284532,1
9439,56.54861377703094,1.5559260521363116,14.299963090817718,0.9102522116741979,0
4382,41.680515432266674,1.8465594256563136,13.007900427996452,0.9306729599073778,0
2611,50.83551457191818,2.760699248915961,13.93537546814042,0.9482042760962882,0
759,53.10554278893858,1.7545312750643174,17.390278359666873,0.9170984680859274,0
2911,37.15019831171328,2.2559620455146376,15.2323461681531,0.9134411615946528,0
7198,45.36981482036784,1.9158458830189653,13.310203093179053,0.9360216192757638,0
6646,42.41233174545888,2.613202571935192,15.803121216775438,0.8978009432592751,0
9661,42.00537801720332,2.5785481927319793,15.936631169878277,0.9429412275568086,0
2086,47.77688408403454,2.58808755261996,16.039998151595622,0.9228561878488517,0
8438,41.885647517883584,1.1330082352913236,13.044325599257428,0.9084449898369165,0
3011,42.52015476836765,2.103362023622497,13.63521801142821,0.907916647933683,0
1834,44.15942552187353,2.3794693000609737,13.646341567225976,0.8923307497634327,0
1943,43.133003658117154,2.1907692812946653,14.278704175867617,0.9092765566675203,0
8780,60.61208848915419,5.711261915528741,26.219522647181954,0.840287643207255,1
3076,48.97953252423737,2.029175502142739,15.592369609462027,0.8987741293657704,0
2059,50.242654692538004,1.6276078966367364,15.750433914314325,0.9190907004774199,0
5859,46.718092947676084,1.151451307506874,17.708038284743047,0.92945834169051,0
6794,43.11723674488867,1.6772152856757623,16.37778186498326,0.9157305572800116,0
2485,41.473946318351096,3.3390549368191964,14.716396750007824,0.9332545165303854,0
4836,41.48189968536777,1.757174411954664,12.632229647895,0.9038572003404133,0
1902,56.78688182516354,1.020304886954628,13.57090598305826,0.9400676552843988,0
8255,66.30324031956675,5.781875421838772,23.64852191897684,0.8170619235694039,1
8220,40.79944960708331,2.4277300043413224,16.65825965467223,0.9509051433950949,0
6716,45.8234891371857,2.64366219507607,14.945336131787814,0.9682843462447747,0
5634,43.18732487450319,2.23548925185339,13.687608090223113,0.9105951281539344,0
4161,47.91900188078145,2.4228007572334755,13.534214228545547,0.9114187224619709,0
362,47.71749551394671,2.9201085674209954,14.860843582157548,0.9150751575610256,0
6387,50.418048269527354,1.6272632539689424,16.7799751244342,0.9319140450035104,0
8915,40.74721770668902,1.5280746472881412,18.182038611550233,0.9465193994095018,0
9308,62.85247513337602,4.603617693848605,24.722285977243533,0.7818022349469825,1
2149,36.257265075212366,1.8671152067530086,14.910513638474804,0.9276248853295614,0
5523,38.713298497855774,2.7167112099125843,12.572116587685233,0.9172814542028846,0
4648,49.420504182795895,2.2640341838731173,18.878385138198933,0.9323621820508118,0
3208,40.24658104297337,2.244345976354609,12.197994323687832,0.9501891538681538,0
7258,40.79545600976073,1.0903460356676382,17.343324623561102,0.9151934352513398,0
7500,44.95860962724975,1.6534065863817904,14.269328093975059,0.8866026466665254,0
3270,48.4738051542327,1.0821711835689816,13.801267012319363,0.9348780335376059,0
9974,62.61652344492357,6.199489240801553,20.54631123504906,0.8116333488619947,1
2355,27.59595585619958,2.7928232464428664,19.820097298814268,0.9171376852607245,0
1254,40.64888378928244,2.389783363620191,15.44298324655679,0.9357406167374324,0
4599,51.02814038976419,1.5066069771302275,15.042560874208126,0.9259478970706222,0
6395,46.71567525508437,2.7410112468078953,16.773464719109086,0.9179655994889392,0
6297,51.619374018936064,1.873372544987395,13.698334548740073,0.9084823657508336,0
9988,39.34091928933652,1.3927703596236691,15.003691910462011,0.8620021243945001,0
1748,36.803018661679715,1.517797872694154,15.112672573624241,0.9339664163151241,0
5639,47.3127427632377,1.7849216822040816,13.975708535303733,0.9149409660154848,0
9737,46.20011368842523,2.024789260242353,17.399276158371826,0.9502667255671146,0
4299,46.52777160188629,1.9193278941741032,14.562691177008192,0.9279605605992375,0
8545,65.80612342628847,5.9031864566904595,22.576223520458505,0.7964581375350683,1
2657,47.1084246195613,2.606658204592821,14.397005272958253,0.9413374017675209,0
5692,47.02808796570189,1.9246970402815784,15.498357343427795,0.9430225881191638,0
198,48.5750350690057,1.6431230718646745,13.213013532224783,0.9156193637129505,0
2300,47.512083160935134,2.5551511809913823,13.370810413659122,0.9438728973114646,0
3061,49.28722965858703,1.4082969058667345,13.90748192374792,0.9088938388922791,0
5073,50.04260412389291,1.1855549082127426,17.442471320133922,0.9231929553881582,0
4533,52.658444006204576,2.6362437232993696,14.025683954708589,0.9314281677543756,0
2969,41.7540433754816,2.9456939247751697,17.85823403710206,0.9356956316802838,0
1056,47.40281053705374,1.7689519906743008,13.770099123703329,0.9324304369723179,0
8452,43.14838315701352,1.9770149960414274,15.650028272513083,0.9133468563887366,0
5799,40.832205063603666,1.4266676427395484,14.107514651560498,0.9418739528138289,0
7044,41.55229839459817,2.0027462751216967,16.508166340580946,0.9175114535378717,0
4593,47.47477758780763,1.7621473681344015,12.763451690869442,0.9086194527544962,0
9592,47.091262773930005,1.9489357799825004,16.485718959154465,0.9089132406537335,0
5011,47.002060146192186,2.2046291937986213,15.227738800619367,0.9587997678295267,0
4087,43.871431762153335,1.4509272609845767,13.720016366445101,0.9051603314381611,0
9819,45.01707375589205,1.8190943303837162,14.6675570305797,0.945832704535209,0
6115,49.08876347938025,1.0981092891109108,18.06770988206435,0.8972906660837966,0
1318,37.55303470175347,1.822506357943356,15.275689009761567,0.9297581089014838,0
4596,45.123210492142924,1.9532829645415002,13.594543968174722,0.9259416690298168,0
4835,45.44978074063395,2.114491212530539,12.590613434343775,0.9524245375945246,0
4655,48.76652134538825,2.1197882701816044,16.010808546861995,0.9069119620966297,0
9246,64.90913890386975,3.590921446036313,25.72966356027331,0.7842549468030653,1
8150,77.78895518152468,3.8545330745978044,30.44338366013659,0.7918148866426962,1
3546,46.06815212214255,1.256861485024853,12.075550520620315,0.9532960365848091,0
1145,46.33290273347468,2.26447896819626,12.655479094217,0.9023168304011246,0
6993,42.99310121333887,0.980519361497292,17.293758398503797,0.8682316673559161,0
1793,47.69011177398422,2.0916501060524966,15.66268329355868,0.9211953567474657,0
3536,45.23977025141553,1.4098535302050532,16.066801702475125,0.9389904583592202,0
8854,51.04490972053233,2.786407320458591,13.074625935784093,0.8997238813472028,0
5995,37.79252875968192,2.125226203863889,13.038025603342163,0.9369586434670654,0
3454,45.87772914945254,1.8904219901434691,16.982517316384175,0.8992817802997509,0
325,47.042561741887134,2.6138604385695894,17.0767553095303,0.9170688292861665,0
4993,44.06813802818454,1.4682989967145246,12.823361025941892,0.9350536463057212,0
7122,42.97667088346477,1.5632951829560957,12.44125900829431,0.8962506919652312,0
9251,56.732406495425366,4.226013667808253,28.07245541326587,0.8674553436534568,1
5700,45.87319634683914,1.5674803868255034,13.401303093247988,0.9442994702258448,0
8096,35.95020549509647,2.030557804683694,13.35964624190795,0.929478681984227,0
9107,49.82507480531615,2.2469759359968604,12.497243507145214,0.9055874788481847,0
7783,42.59934066152075,2.4807108426837714,14.063132303439266,0.9503743670543359,0
4742,45.63901348683391,1.0876379765496305,12.690610514734267,0.9331678502384498,0
7779,46.83551133394034,1.914068506768354,12.809198193981526,0.8827910400015139,0
8308,64.31682211455245,4.446626362085121,24.72498826110321,0.8491671849044443,1
7439,44.34480796500502,1.8973564542559496,14.889603531425246,0.9085725149516545,0
9535,34.82379879687248,3.16708179006352,15.969757363064264,0.9239312709528493,0
2305,48.66061803666536,2.1459308810000075,11.701933129301388,0.9401600800858653,0
1169,50.40034500161082,2.449732485574123,15.019761219659527,0.9090079083067034,0
3544,36.49503224030623,2.980345636080523,19.151275084331676,0.8870881477191638,0
1160,42.96753561651869,2.563679121587379,14.255455031428802,0.9501109038381166,0
2427,38.850653108795925,1.7760427601565076,16.649498013144594,0.943291669424039,0
3520,44.11129839256297,1.362083956715031,16.632013697548846,0.9182548797363411,0
401,48.2431816736048,1.9849278652395745,16.73039721600255,0.9370684290298423,0
706,49.936544496283126,1.7161471078906572,15.333323374114645,0.9126122653587263,0
3270,50.60926594713424,1.237739356690413,16.13217196548843,0.9219394035352171,0
799,51.55271912346107,2.1204624986447342,16.39802724002601,0.9171142411472653,0
5188,43.88793610772217,2.1329431490296664,16.270892056628714,0.913421118292854,0
9431,39.2652068563328,2.884558350131643,12.765163652973207,0.9271860516017152,0
290,44.42704849846016,1.819118465581593,11.585231034912027,0.8958364235270883,0
1080,48.16633751151788,2.1400606944847245,11.892832913170386,0.9149683833846884,0
3075,38.86370109539571,1.6672572926548923,14.459680015234673,0.9262895894496681,0
6202,53.30068476724121,2.436584715346733,16.18785346884529,0.9567620141592328,0
1284,49.489442693801706,1.9376911019049352,12.791177444976832,0.8966493156937461,0
3427,43.96716415784336,1.4137041955736287,16.847940917168806,0.9304110611546486,0
3494,41.445640347943794,1.993264089167421,13.995449650984227,0.9326029755285573,0
8419,64.26959275925458,5.067234580799262,26.416785857830615,0.7903092566102969,1
1916,45.37103106900078,2.1276366937067817,13.3277860082408,0.9282106402881851,0
5954,43.85298698634824,2.522948357747935,11.230427281967453,0.9376057015796757,0
6809,49.752513776413124,1.2759718139796552,15.458628256869295,0.9317730535876487,0
669,43.285120858486856,1.5786287049925294,18.425335425677137,0.9183214549025466,0
5542,47.52750905305746,2.3198936658977685,14.874670952934872,0.9266648007304487,0
1995,44.85537557912565,1.6373655110194643,11.298736716610295,0.9233968939449806,0
2833,46.34834678698535,2.1202356246651033,16.560685623232892,0.8862108532336962,0
3963,43.849717822018086,0.7901273762941188,11.750404019794022,0.9238664064950893,0
7555,48.538577706248105,3.357973286156441,12.581931206021629,0.9126585918803666,0
4114,48.61270040145038,1.865140734221332,14.523323655372858,0.9059035565800404,0
1786,47.29964512911072,2.596978129994139,15.245686877080395,0.9696993990717331,0
3109,48.037571635747526,1.8315510872082545,12.982671997666344,0.9450523143923912,0
7906,40.278156112284734,2.2073492643654435,14.44536788686804,0.8969965587937123,0
254,46.6162288145449,2.7459598231726363,16.43032480152137,0.9269327239313169,0
1509,51.24600883743767,2.582903009604193,16.70435776961604,0.9491605055112865,0
884,47.45702283509749,1.8977725101573877,17.50291284362853,0.89007601691848,0
8196,39.84641248599238,1.9323728373031537,18.81883730458699,0.9215396628281431,0
7660,44.751167451754576,2.501783280091643,16.619778643322235,0.9224814545143899,0
7443,46.87488969169854,3.1666222021426504,14.56652697119152,0.8945101423500196,0
7306,41.213002415508456,2.0961413371995206,16.718627582245944,0.9275910060922447,0
5696,38.20864401638324,2.9785318202708204,15.933432468010365,0.9423249278103626,0
5901,43.41951065781736,1.879292794789897,16.01273395505251,0.9501609518283831,0
2906,41.295837960161485,2.4759801817549008,15.354437570143372,0.9150127179674811,0
637,44.92855484305016,2.550577881123643,13.175891795692188,0.9700329007027023,0
6086,37.042976762518556,1.7950197480736132,12.943807184356139,0.8788406649320649,0
1941,47.82350531268078,1.626460960349179,14.805763597849715,0.9271243341962893,0
8816,41.82697482353321,2.5726945942736763,15.297820151692743,0.8917541136014029,0
7071,49.97876118340678,1.7342215313784717,13.641118154136574,0.921803652749938,0
5725,43.61550580101811,1.5528250436622986,15.84668389721715,0.9095618649978995,0
3050,44.873054768077566,1.6580202491004514,19.16153180807838,0.9301375491278112,0
8092,63.560814362720095,5.298965056971474,19.53922089945931,0.8184416863351252,1
4880,41.55920154949864,2.428308552312839,16.16448895512752,0.9034803164394697,0
2468,57.3613973113633,2.257521336638094,14.868050758218379,0.9047941810487204,0
6755,42.52066910996358,2.3578291223789454,15.90131111066931,0.9586491899489911,0
8273,50.1176076123283,2.2106899055490414,14.138570599079417,0.9288704747692483,0
4595,39.53185526968302,1.7030799188766805,14.707880229905665,0.8859574258692323,0
9263,46.86065695546581,2.348551427954136,15.259000902016199,0.9310157547023353,0
6102,47.39436081965918,2.591226913302652,14.396732232929478,0.9161064667528401,0
6714,44.879115114509354,2.2922516080596544,11.958917365260202,0.9200920217419428,0
9458,42.14497640180213,2.2248279533129254,14.532169938711094,0.936397763079636,0
6019,43.68339048693018,1.6164727467146618,12.167132743607612,0.943664543474257,0
953,42.9835524901344,2.1059085394872388,16.30638622116062,0.9028237454415863,0
4246,57.010131409177276,1.5898793352756493,11.268909797843754,0.9194051669168923,0
3869,44.8869845527759,1.987986070959698,17.05730875891178,0.9090777799452286,0
674,47.62444389331975,1.179866680387342,15.85912600040696,0.9319372436214853,0
1248,53.90812545212684,1.1837207985039533,15.86677723146779,0.9153539101252767,0
6393,40.6184066601291,1.904476155026485,10.671380264304322,0.9205850295940375,0
6557,45.18830116583969,1.7257801640865051,14.342801123816887,0.9145944647797968,0
7609,43.65406934159306,2.0533935967370867,17.30712685731972,0.9178776096886134,0
4877,44.56930777258318,1.9326157104424404,13.962784041939411,0.9540930201185628,0
3954,44.104940164412575,2.0150953936050775,12.843875700072571,0.9678153232953546,0
2591,58.563390607523914,5.326169463360593,26.088627326928147,0.8249510490907286,1
3224,45.977051424983166,1.7683655221695838,14.863444754721323,0.9180006044036619,0
5791,39.686836112919494,1.8902780941775685,13.297259099374378,0.8880872647822063,0
3151,49.94441368654509,2.727510611381582,17.467634464178587,0.9047916360037725,0
104,48.11654903327302,2.0015420634125136,14.870664940019216,0.9174652792842819,0
5322,42.53268591817992,1.9103947626873057,13.888861304104143,0.9056987355872516,0
5415,42.7750833931307,2.0412563496615945,12.397312946328842,0.9078019847425616,0
4969,46.37755281174127,1.9193178134952347,15.968893210557876,0.9515077894811234,0
976,41.00727342196909,1.6452138535233876,15.923332589422726,0.9205758162747697,0
9283,54.059900620674355,1.5009850814101398,13.415582187630616,0.9223642398280387,0
7127,46.78962864345884,1.6182843299249976,10.52734194337171,0.9065161887932355,0
4242,46.96631575691839,2.4364595933853934,15.821524379151768,0.9435508944953918,0
7066,48.40722540178643,1.6850473726407937,14.626393217477995,0.9157484274402287,0
7179,42.10268362964965,1.9225376990818617,15.672142335851339,0.9095827266969829,0
8087,50.44504990892387,2.350368142566449,18.914349067279275,0.8883849836538112,0
6899,45.57266683107732,1.8608044145945108,14.946336312581881,0.9187779617249727,0
4565,49.75072735499416,2.316680657421826,13.972322766314456,0.908958839964452,0
735,44.01023436715835,1.2296034787845667,12.70535606470332,0.9536915949203381,0
1793,51.58639113365593,1.9337416602290518,14.375156417009903,0.956877973840039,0
9974,47.00671813512395,2.0394480482992545,15.321154699231283,0.8952943901046746,0
4852,55.91253512088544,2.0115693615490837,15.106614841197521,0.8975569352423801,0
8411,66.80739504981625,4.71197560829701,30.594133403646726,0.766586369285822,1
930,46.022746980453725,2.6015563232154024,15.998171130931885,0.9036792420921146,0
5277,39.84211876564921,1.5726635275142917,14.73039825698558,0.9243483315137343,0
9661,42.3535088122689,2.167518562631234,13.586878842333054,0.9134675302182886,0
9032,48.09343273923953,2.0039821413236654,15.533345527566642,0.9256106468111052,0
8408,50.6466221876975,2.5018547619053386,13.185983683234682,0.9403218704329394,0
6049,59.82505175860361,3.0937444146871034,15.359662159075812,0.8987155697932899,0
2938,44.5168554668839,1.354817757728582,15.974827853809686,0.939904224449548,0
1250,40.333932961772014,1.6755430593637506,14.567095554457104,0.9054269517135966,0
7660,48.766628801886206,2.094546246919526,13.739427111869716,0.9629696569829755,0
2031,39.36086389749347,1.4473233412236042,10.629406305330189,0.9524195193249878,0
9304,47.82138694013368,2.39109130397788,17.28767345284078,0.9177383932822754,0
1764,42.48872141902938,2.4216863110785294,15.806600780490562,0.9007283311093992,0
1181,46.05797485190197,2.2797245379975184,15.855234563169564,0.8969026804065083,0
612,50.455230510823334,2.1182908754380985,11.8772953284454,0.9374725700414906,0
7905,44.44633285459652,2.68485438898489,17.759677399480115,0.9193919446693901,0
5337,49.66439542164311,1.422187259165569,14.06956626676384,0.9385373377150392,0
659,49.365792743095746,2.0326340976712767,14.422409394601027,0.9640845793859129,0
3772,35.67834235845453,1.6305985656348891,12.861426289162349,0.9045923412256776,0
7504,40.49199626982214,2.4449581662825843,11.426108537320303,0.8953972351248383,0
3443,37.19096569302264,1.0833294177467836,17.314692623447133,0.9238512046906525,0
4170,55.00868551265068,1.9859580672035102,17.573194738795248,0.9428951922290459,0
9762,44.473040372813365,2.1676193435349744,14.668943697293345,0.9011907942042849,0
680,53.90414606483321,1.5262539325131128,13.6412308603873,0.920692494775185,0
7104,36.835238597290086,1.6869049838892167,14.245911661731483,0.9474008732234198,0
8230,42.13615787725737,2.0076894906860527,14.300770019928901,0.8873424432301926,0
3247,49.002491208829866,2.4775481897207383,12.600280555640804,0.9247063592287821,0
4349,45.89637302213342,1.483565385706473,14.415489569112319,0.9091979381280243,0
1779,47.66429946406729,1.570775029812657,15.30620398586865,0.9224831318194261,0
3606,38.73095883103372,2.562793885520172,17.036314495297503,0.9341956858116738,0
7353,51.884017464394645,1.8635123000400824,15.028488328027423,0.9244161701577619,0
2844,48.88508047878644,1.6112304800775112,11.847296582201128,0.899795551957763,0
9535,47.00812752745737,2.364342398608458,15.707095726397354,0.9099750772353304,0
5288,41.571948594590964,1.7559015013838766,14.488138876660493,0.9485318596064893,0
2241,46.619000638029725,2.513710767669387,17.740819387967733,0.926578657878482,0
6717,43.54255010503255,1.668139811510144,17.858915604088015,0.936806382551697,0
2579,36.74754394981119,1.920202719087502,17.9289086245346,0.9250059062036609,0
6584,44.74788574139256,2.4724858326943657,13.87682412925344,0.9361823213648385,0
9927,44.21634800888737,1.8868695644131241,18.979710146675114,0.9120770782012536,0
7521,50.3120075493756,2.378026661039323,15.701885009791415,0.9046497670646513,0
4552,33.82786778842899,1.9672261966094975,18.252760811337264,0.935273954316961,0
5981,46.175999144273504,2.9908459032000145,13.99476077233648,0.9425474802089112,0
6765,39.22215975947141,2.7843893020514243,14.402806524780747,0.9017143737840672,0
2949,46.59611671097773,1.335951868783126,15.548054705344171,0.9084811037715255,0
7490,46.87140027788653,2.261121840624005,15.30375521922788,0.9167354714353819,0
7005,44.56577611434904,1.591798006949479,17.50962388693834,0.952396492099653,0
2589,49.036465624055424,2.0957534693963655,14.53574136290309,0.9312627091033653,0
9923,38.7711697045015,2.0341853146551303,17.329229980620713,0.8935182634026823,0
9307,50.538602251408506,1.4723064914537562,16.46446901426531,0.91814034416821,0
9640,41.459605669029294,2.5292422717651624,14.573215562785704,0.9150824248849914,0
4711,37.22050674755052,2.1016514717845376,16.309353234964625,0.8965346088799214,0
2939,43.63802014750095,1.8576584821637083,14.053469906333902,0.9179041616621055,0
8627,34.52421238660007,1.7809450878782025,19.700411600011442,0.9141992512078726,0
5978,46.27086946123101,2.069888484883118,9.671335357851106,0.9127673495276568,0
9187,43.70374778709887,2.203962508757143,16.34588640899008,0.9118523726523639,0
6403,51.16843460688018,1.937512106820867,11.470808181445905,0.9494278709669761,0
951,48.24462105253498,0.5837402146118957,14.548686593563863,0.9127259376779897,0
1787,38.04001831405995,2.008445358121242,14.828783821057508,0.9209934211260054,0
6933,40.808062544410575,1.2792589691951113,18.015267117827367,0.9188247057544655,0
2527,47.603322102671044,1.8952737171754621,13.61569557584622,0.9098996629926533,0
9860,74.0168700603819,6.622391177317997,27.565005607872063,0.8114896728818787,1
4100,51.1125045744344,1.2917511824602663,12.642366719550406,0.9213070119219553,0
5152,51.07254642652674,2.617560910974264,17.693339447509732,0.9215951305379844,0
2838,44.55238694876047,1.8399540095278049,14.051309116193055,0.9028153371580716,0
5832,46.81327811125585,1.8016689200890412,15.146869038482238,0.9158775098549472,0
5487,51.493692519718984,2.241262024414296,14.327242673779192,0.9352064375069972,0
8102,43.48345769032026,1.814704738463774,17.564726948231208,0.9164036673723992,0
5636,46.89863093470062,3.051903046063705,17.175479686467494,0.9232356382520251,0
4013,43.36559610160174,1.8634901196369902,15.88700344116905,0.9233407400145272,0
1166,42.24525942767286,2.182562705991505,12.696263230826451,0.9283479026146784,0
7823,45.241925591429016,2.4854706656884304,13.569956263939515,0.9311730183002762,0
4480,41.56228274330204,2.801126612803455,12.94284694898775,0.9165169878050157,0
4207,44.345420136151255,1.62899693217118,10.503714226415674,0.9017732939381581,0
5826,39.82522567733933,1.7910182480806776,17.522636203700092,0.8956256934265026,0
3473,44.0500280640881,2.6372959376467575,14.344352947314606,0.9403537282547272,0
9045,47.24195146807931,2.4050311520263454,14.323012071415405,0.9354050089594214,0
2182,42.05618231896602,2.537587967834229,17.99220446685112,0.9329872936867506,0
9067,45.04645876265457,1.3156477282201657,14.048022795227265,0.9362240705572535,0
6848,45.69671296810632,2.7739998769620096,13.319058128628138,0.9167688803274823,0
9917,47.26267445910668,1.6192962283575976,14.55050875897003,0.907502471644689,0
517,44.33210079347392,2.096146489070948,12.734661896246207,0.9003918518040392,0
8406,50.42933170933903,1.9258885612041148,15.688711538575912,0.8982130000682901,0
8908,34.49540569274041,1.560758581725965,14.252675843471659,0.9442431737710066,0
4074,59.68876423583887,1.2937321182894985,13.985457178812375,0.9101371028849171,0
3367,40.64433117981242,1.128075941683551,13.812193655959396,0.9410971813842178,0
925,47.01695011677039,2.0595092030269875,14.787557012315977,0.916262283392387,0
7768,40.30766044897076,1.237340454883272,15.166962251039703,0.9064751758351516,0
5845,48.22134079754651,1.4330922024565584,13.960049823184956,0.8981127040489971,0
9808,46.38284576297464,1.89098206090089,14.282468127809706,0.908236912860245,0
512,41.74643231327455,0.6805957498700501,14.836954346361303,0.9483647756581258,0
7643,50.365436727051566,2.3894898560220006,14.635163728920922,0.8983157984044038,0
7687,44.18019560199039,0.795055916446596,15.062151933750028,0.962334936429593,0
828,47.73607969028502,1.9613138043336136,13.646658393503973,0.9031878514506072,0
7264,40.41420097401982,2.007509613297145,17.00918581825298,0.934998999413025,0
8967,44.8455618221421,2.2690308600909046,15.193656354819034,0.9170949741149003,0
6088,55.017036335910525,1.9791595988050532,13.992306494350245,0.9135888083494763,0
2604,49.81482764557065,3.008953981916619,15.688768434757069,0.8945715844574973,0
3067,46.53810377725526,2.1081584407842504,14.851262802362571,0.9180321403449753,0
2886,42.75539586195102,2.52680619962183,11.532347291032664,0.89683428007268,0
1222,45.337492679375046,1.6382685955648562,15.681905380443252,0.8863684580046512,0
4179,45.98782995086191,2.0603784030947336,12.960987595231625,0.922391973564349,0
1671,47.246142174598724,2.773785047514463,16.868855566462614,0.907291537863285,0
5173,39.61669745911167,1.8811524376551796,14.516500722213106,0.9536869703224997,0
5204,48.342039804711824,2.0961173820976153,16.560140594782126,0.9400004343018565,0
2243,39.55203450852674,2.4904267245687377,13.739562893604786,0.9539486436267355,0
9979,53.15562926140936,1.6288852399041827,15.139858534281279,0.906382341909842,0
6906,41.141858387915605,0.9192198333404034,17.420487001013754,0.9227227548026258,0
7457,46.483141598380875,2.1277868268561844,14.461966907170355,0.867586580806379,0
3540,50.02571286639009,2.4943345846790015,13.81836580252839,0.9143639523862656,0
3866,43.73809978267775,1.3242771175540144,16.31008122756358,0.9219699669604937,0
5744,46.70300009549929,2.3351099486386695,16.27132319350192,0.9230809615540355,0
3014,52.175907745950255,2.3384831936697688,13.902501733170363,0.9191526317891666,0
5068,47.82201493946633,0.863251870442348,11.029077959164475,0.9213318514350334,0
6017,46.777753148371765,1.5318556837966137,13.779954045003288,0.8657351473167318,0
8887,55.207426765063886,4.78781525668478,26.803512915929204,0.8231678932274811,1
828,40.331388736298884,1.9101879998823814,13.449931621152551,0.9296687978386008,0
1465,50.23460063825006,1.628432867616008,14.97812432596761,0.946760508052577,0
4592,47.84975152670691,1.601498598208909,13.685030124067312,0.9273747611855386,0
798,48.60733136892537,2.8357414455910464,11.135665674947901,0.9173852586657353,0
7286,48.176984661074485,1.9462204340705458,13.649037645920144,0.9420988384446195,0
495,51.44878264187687,1.6524781699251303,16.346264041379424,0.8728533155080105,0
7500,43.693000375224386,1.979415261543725,10.259495039868376,0.9097010293874571,0
8182,45.60249979394651,2.268545416530572,15.504334700951151,0.9046838003988258,0
4271,39.85662833435458,2.025813188355604,12.627861537201174,0.9193095640033738,0
4460,38.60988708281812,1.8971362045860134,16.216884138948384,0.8760261437554168,0
2602,36.78129642205971,1.6749916656647734,16.428637871747306,0.9463927132448744,0
817,40.57418250500076,1.6689345772662005,14.656104130177448,0.9150038020063151,0
2882,52.76280907744821,1.7010958067573203,14.660663682437557,0.9263759338231787,0
5046,37.23636466091981,2.1694073004053687,13.387274605727397,0.924461824501198,0
5586,43.482320072114014,1.5029099537991064,12.308833199790069,0.945249797897539,0
8435,63.70367865639025,4.789174504443509,31.120072753548612,0.7802914011192272,1
5080,41.995130184983196,2.706497377813415,13.269857145657744,0.9222464233093963,0
7366,65.22704007594791,4.951469449088631,30.375426356199416,0.8364120088783559,1
4591,41.49942063397496,1.8152072355414315,13.280999920399646,0.9180402710655862,0
7292,50.448324325082304,1.3509365574726848,16.050380780675457,0.900974612137234,0
5688,52.66989060424783,2.789053403955757,12.72438568069273,0.9079221976868843,0
7751,33.7545213597203,1.414991174700544,16.04679003380403,0.9121411599638719,0
3736,41.58503834824439,2.424281017237874,14.348825285693756,0.9055789994095402,0
1267,45.29571061136211,2.319258930297243,14.374967678648659,0.9169437776586529,0
1162,50.6305851300769,1.8816156985179702,16.220046339568903,0.9501649480637001,0
2256,42.72877862423369,1.868510598109661,14.061717269841804,0.9080527046892504,0
7960,44.90032302377095,1.0821443629794896,12.143703009109805,0.91024652051442,0
5261,39.216278874740254,2.1650325004063107,16.522611126818905,0.9291956116810063,0
5405,37.336020738688276,2.3099631661979023,12.708198820035344,0.9165035927207226,0
6641,52.22692344791467,1.4554599419260978,16.03303456879582,0.8934162973331023,0
4829,35.879650630535316,1.9220892628354487,16.945993090666,0.9187762312444196,0
9448,56.64309504210783,2.018930957504475,14.249012227295566,0.9180221713520615,0
7430,48.625756996908706,2.292286313974784,17.36470568818357,0.9395135669087631,0
5434,72.37286729230983,5.975523787489441,24.452858558999417,0.8035692323285454,1
9024,47.87734333747215,1.186840323019208,13.608277159710449,0.9396463896551089,0
4430,43.736571559995184,1.7350311152687554,17.802858004532148,0.9180433837580012,0
8110,46.96042264850435,2.1123128926945096,12.71665635652122,0.8978411665817001,0
6901,44.055516561077624,2.4207641710198797,14.246599140192869,0.8938244337584614,0
4946,47.7653663822024,1.6911816953028767,14.587370392761342,0.9586877705581707,0
6831,44.83156736545642,3.0938249372750097,16.21044740203651,0.9168016795432913,0
7341,40.24825908449132,1.0527634655815177,17.23086659476227,0.9387300823346098,0
1053,40.64713691869122,1.7181499124710495,17.105583113805427,0.8858376121078374,0
2639,40.07863812353748,1.9584831982536135,15.447496639148612,0.972753897759278,0
7156,49.85450365967155,1.899625418223568,14.439461791072867,0.9378648925673426,0
1642,41.91276693770451,1.3839288350925836,11.34803151674474,0.9148911957168958,0
5393,35.4394841945757,2.2239308738758967,12.371708291089567,0.9138766828428898,0
1291,46.98419332924403,2.185547025656961,18.533310978582872,0.9346919625660599,0
6413,73.6658843467344,4.577660207756429,20.725938128518628,0.8261934255236889,1
7038,48.865415945887634,2.1659219316292577,13.431018713515781,0.9236505856079488,0
2781,41.98338217389144,1.7881117942759845,17.28921256410018,0.9202175751640447,0
9509,37.06594142202455,1.191318524945716,15.419426598394734,0.9312213416805184,0
1640,44.32865948321245,1.6416800649738776,16.856090142011386,0.8851659289383965,0
6272,44.203880609516446,2.0785272907047205,16.085656702541353,0.9125745057477149,0
5641,40.15400194843117,2.081372207423198,17.93916507472177,0.8870627228341431,0
9680,47.755186511212685,2.020689526292924,15.59085457312977,0.9320918468940501,0
1465,54.233132504152366,2.274354133992516,16.32689545830302,0.9064837205793337,0
8791,46.11141358729142,1.7094269772749917,13.55150693588332,0.8885684384264165,0
9972,68.58249151920569,4.4220557397533735,20.63294680774302,0.8126973600579513,1
8802,40.31385975583089,2.2860463892024607,14.207747804021542,0.9229871240293157,0
7594,51.98707351530186,1.9575550907488233,14.093788264038576,0.9158954323488838,0
4412,44.624279165949915,1.3783380357969506,16.789447029294276,0.8965368688193446,0
1424,42.105183724029146,1.5192558151722313,16.803246752118728,0.8859026279653878,0
9447,66.63795755435187,5.259876693510357,31.37727231875421,0.7727338042221257,1
3241,47.35980666623305,2.6962360814712865,18.2465263709724,0.9083846378649908,0
7519,45.69607704322451,2.5876415539120243,16.83463032271755,0.914838385802719,0
3586,51.03076697835296,2.1160779748710175,11.559108779526575,0.916806296250234,0
1910,46.91985776273431,1.3984336989916537,18.65536196589939,0.9286013137435064,0
6688,43.58029094558733,1.9968242216135657,16.835935341332725,0.9369389300353983,0
3023,47.00596108163445,2.781127565975211,13.468279819827394,0.9229301840191689,0
5401,47.498185505629785,2.3092441902282377,16.457818311125564,0.9135907490048072,0
4286,38.51812040368079,1.8962612386580637,12.925468518074544,0.9204952707619161,0
9005,50.74709864131857,2.314312616420608,16.237260240219484,0.9132152606548076,0
6077,43.49547990319321,1.3653023966921976,12.367459917851802,0.8871489329273377,0
4368,43.62338388247285,1.652164311075899,13.383563182426727,0.9418389234257916,0
4848,48.75687993537973,1.4579043044888376,16.419858258401053,0.9380687772497561,0
4949,48.735826121297904,2.2347859091742164,17.14577348598579,0.959766679871612,0
9535,57.27419936172205,5.999424341501614,25.74311646813012,0.9121988191520037,1
3809,49.01450809072843,1.9230869864008167,14.427662726624058,0.8964795973549449,0
9373,60.16775592300992,2.016803049868032,24.7325177934445,0.8099045005669913,1
6719,54.09786523349328,1.9901254532326864,14.58195780069728,0.9702307919374029,0
8747,40.85903009367118,1.7567100546630963,16.066970153649056,0.9191889876883553,0
9186,46.197387308529485,1.6019146476531276,14.366469788128706,0.9248842180509351,0
9676,41.08991181546196,2.169496842654623,14.954844117811163,0.8895774009661085,0
3172,56.11347814567537,1.6210038887406633,14.628765064164158,0.9230057726315355,0
6630,38.81089527956442,1.2168251335179536,14.356587564357133,0.9586388074951818,0
604,47.621813736264556,1.3279427648184066,15.151754779919626,0.9457325162020707,0
1314,41.325447927611,1.1983697665920252,14.454610835695078,0.9078003075696292,0
1631,43.22946179276006,2.1237559582881023,17.886579107263884,0.9120736726686317,0
7676,47.26768916872588,2.075202719088082,10.587162303232535,0.8973819941501148,0
923,51.122922188130715,2.050260047254081,13.908314828057845,0.9029767371950059,0
1028,53.11698281149523,2.2938658262399714,13.259487552965549,0.8817957614242706,0
5129,37.3152601998684,2.595979428058558,15.43822120006882,0.9183036065068052,0
233,46.338756121822314,1.7038667345874423,15.154289571766252,0.9502022135986082,0
2205,52.297468016917605,2.203238738619209,18.24438620309886,0.9271086384818751,0
3727,36.573445306190294,1.2101922462970616,18.90228409659559,0.9473247797993147,0
6416,46.57191747027424,2.689354873131675,13.453833088859037,0.94146498801852,0
1952,44.98958101289908,1.3775843808909216,15.00100013006726,0.9090638382085475,0
5010,47.07270907189894,1.6449594404797812,15.39260883384871,0.904809866771871,0
4275,41.13847987336762,1.7011452431334537,13.404372503325328,0.9055763088629709,0
5448,37.8219058589328,1.236864501638894,16.256764072075246,0.885658761031159,0
9542,35.434467874104875,2.0162877887042807,14.520985262470111,0.9206466046559115,0
6290,49.881919767310514,2.1069519341007408,12.864730298798044,0.8619107120684583,0
1356,50.52024568241677,1.905293164509225,14.440863391466914,0.9318283101857278,0
3476,46.51342674497993,1.2298761839844616,13.004650854518703,0.9214376187143776,0
5745,42.329258251559516,2.991693117425856,17.073293658838512,0.9294287973298968,0
3586,36.88477053267127,2.274615398250824,18.80311851022734,0.9411403256589628,0
3684,47.81672731252512,3.3171110218249793,15.48963874778908,0.9239758917667771,0
9688,57.162309526059374,3.1144609480744356,22.76950634629115,0.8753080418892223,1
8153,64.50347003576975,3.7532668607133854,19.380856849987047,0.84742050055207,1
3430,42.06717960218641,2.3896369436970817,17.36446805787663,0.9048574630636791,0
2803,44.01232387151516,1.8547124484513189,17.321398007194368,0.9152457791570825,0
8762,41.20479776395676,2.705525450529612,14.768692862903539,0.8747741794649972,0
8220,45.167293854961514,1.7972949961931108,15.505179854758183,0.9019561911905567,0
7214,41.89090849746805,1.8195542902876964,16.305292814354157,0.9123800718813322,0
1453,48.50686532419611,0.2642850540308086,12.724625086898532,0.9309254721911534,0
5163,50.155314569940266,2.2045140268713186,17.425216474840912,0.9049927794291638,0
8649,45.54271338014219,1.3372450441587969,18.469663782454454,0.8950747197213115,0
7675,47.31313167690551,1.7246394021522444,17.330064209678916,0.8822493619398375,0
767,55.58927974812945,1.4868901806274861,12.50881217677089,0.9080716496281337,0
4568,39.13698371569342,1.8168842303408692,11.059999089162252,0.9590170360473587,0
9437,60.637785219313244,6.19004277888526,27.50039559464711,0.8576455299614251,1
6919,48.47498950388437,2.0055707815243786,13.479621102075827,0.9387915882471036,0
3819,54.732714187573826,2.3548206452529037,15.574266708245972,0.9019989153467151,0
2845,43.69750719030639,2.6328147677928158,18.070297440015096,0.8885310047979557,0
7583,53.634169211093806,1.8156020316610824,13.68608964720318,0.8955784507182387,0
639,45.48216859396745,1.760716378991943,14.24489068718208,0.9180573778168473,0
5064,41.59556358980459,2.478863826831005,15.553445945176632,0.880117423130415,0
4935,40.046538056811485,2.5185236443699646,12.404980720035539,0.8998681916718047,0
3875,48.14706792443394,2.3702954340515237,13.484287607988248,0.9082727862805742,0
6142,40.42520466108652,1.5239105966303252,15.049715007502538,0.893581493878734,0
7202,45.40638421383514,2.211327532750802,14.399090262364497,0.8775263396535035,0
7412,52.91732512692047,2.0547353020236443,16.21681550759845,0.9257930739641952,0
5420,43.46609803564315,2.526264470674832,20.531959228878534,0.9209174288976913,0
6232,51.570047373219495,1.7135639552311257,15.19827667883625,0.9355805973526026,0
7991,38.927282551367966,1.166694854425042,13.316576107923982,0.8977914850149512,0
2879,42.330454493416,2.3451184001901364,17.83648070951513,0.9351984548609494,0
1024,37.964279868925416,0.7208158083714489,11.822363049359558,0.9505860838897378,0
1681,45.36498377986679,1.6342432980518349,12.222183657941786,0.9252442946447371,0
7814,48.90039089858291,1.4884022443408527,13.809793122704553,0.9078012741110668,0
3424,45.37593543803093,1.4850326645471266,14.434226558960749,0.9229016129901849,0
5813,51.13525029985076,1.625484264522452,13.761854526965582,0.9068442522140885,0
7126,41.25410379685435,2.608686784875815,14.936975351153954,0.903514328846425,0
355,46.126713768445335,2.4102777095031866,15.54948380549269,0.9336652077900666,0
4904,42.36265338193072,1.8741346590037475,17.137919070550275,0.9172189936042561,0
1938,46.808382927118274,2.566811735929525,15.182376547687564,0.9441019130690006,0
109,47.51868023106213,1.468851422416813,13.876107504609797,0.9111515402151287,0
2971,47.91197979992032,1.400858307126421,17.029290772878824,0.9131765083865998,0
9089,39.64702830882199,2.4317983296232955,13.364569048539739,0.9086697800953706,0
7509,40.55126949106716,2.2898216146613235,11.734794508625354,0.8975963312262559,0
7518,41.47856145904406,1.7698682992083383,17.411912035809085,0.9362884979723318,0
5224,43.805596260667016,1.4322695531509346,17.28370648962194,0.9637142332922831,0
1115,45.43593202103215,2.72986593751897,13.415403215591788,0.912355455228677,0
2293,48.54044560928338,1.1399487245260909,14.201802292358149,0.9063900811264999,0
8515,40.75950650330384,1.7007870323282197,13.16614490934014,0.9050935303258583,0
7549,36.99490351149124,2.1142882637589486,15.653248435130267,0.9064053354479924,0
4258,55.77871581603395,2.901082404215723,18.464098582736163,0.9529956737248161,0
4025,39.34273489673785,2.19155010603661,16.405763597190244,0.9056303896048022,0
7070,49.18161861497776,2.2401523265066494,17.071449285166064,0.9082946639822093,0
7038,45.15633438624337,1.7153081499259364,16.639456663382024,0.8951929149569806,0
4884,46.2565282040319,2.284240112637299,14.999761702881813,0.9258729754772614,0
4100,44.99224747082049,2.0526546604395435,17.16668087582263,0.9186554087569803,0
1733,43.075790590264376,1.205767729791221,16.490061125825598,0.8972564244839488,0
7366,47.31986141461729,2.3964674267465536,17.878891430306272,0.9021434080536385,0
8802,61.44501388569509,6.7189209732596185,21.66561657458496,0.8468891521903491,1
484,50.83151373618395,2.4016825244105813,11.523776720909227,0.9206541551253754,0
504,47.84220503128077,2.016663962832901,17.090502029746155,0.922033707908946,0
8275,47.99797056640747,1.5219115584251763,15.699539041212116,0.9221130765005213,0
2100,42.46438469971705,0.8454081343575672,14.407907799357528,0.9478925077642235,0
9960,43.81822631455502,2.0785268027007255,14.519694375385017,0.8990957127535858,0
6089,39.060435956789675,2.5409710298704247,20.109372651804232,0.9120720895964709,0
1560,43.23491971637219,2.4977662345415403,13.715610694931458,0.9166206958667498,0
7290,39.817120418218515,2.408036421696924,13.293393386347333,0.8855764834942056,0
7240,51.565342577943575,1.9628945107253046,15.170568466986703,0.9016771696683732,0
3736,45.25267907797003,2.5437320870157487,17.36098175594592,0.9409334965456188,0
4909,45.85248617520215,2.462080911927951,19.556803973058457,0.9352042699266024,0
4278,69.29525858346761,4.998986259861216,26.909910478311602,0.8389249845697435,1
7345,45.98789461025704,2.338299008307924,12.45918251204114,0.908218195549372,0
6700,57.32438817928842,1.732020427295354,18.941728541435598,0.9106860951976233,0
6097,43.499298578037546,2.270012115808461,14.961062601845805,0.8842386900992394,0
2148,41.747934826450035,1.3504416778494663,13.32458113621006,0.9386386908463262,0
4880,47.648465664527215,1.3888940956635394,12.841215085801291,0.941933045375322,0
816,32.37140683198756,2.529103523471954,16.67265743867091,0.9416784193307122,0
8039,45.319783934554664,2.4687800611023825,15.477658772372827,0.9520818250695449,0
5665,43.141435483535496,2.3168057702879157,15.6901507538917,0.9284421718697982,0
4644,66.16578639639187,4.860574423234372,24.55644619459797,0.8706625657600245,1
5076,47.5387883515575,0.8043627844879258,13.395690816980713,0.9159905078168424,0
3519,45.269942092228966,1.9625620308967553,17.732309256547296,0.884659792699889,0
7339,35.987955462528916,2.227091583594919,13.96168535441262,0.9372144935448024,0
9866,41.767352394037815,1.7326333762202042,19.328014747824714,0.8839222174798261,0
349,30.55864397403638,1.6437529035958813,16.19747803198628,0.9234040409898674,0
8965,46.46634657066752,2.7222101940768457,13.159522940447246,0.9391064760424852,0
870,46.416497092200785,1.969855504304194,10.94916383335904,0.926485175920704,0
4463,41.03359053083163,2.2273975848211904,16.617849444558022,0.9655648614116455,0
1177,47.70056355841563,2.3870657308096828,14.251639448019633,0.8806814201170605,0
8527,60.27019880374729,5.414214851629163,23.93294904948086,0.8424215491652371,1
8680,40.16741487032503,2.0966037113570968,16.532392018348215,0.9203491093050532,0
8001,47.08595232191282,2.6598222472386497,17.02082765250131,0.8931179436763518,0
4958,41.55666622518528,2.9096115916498606,17.44742068133858,0.8969253441855143,0
6644,44.68671521898778,2.0199681986073452,12.650317383234126,0.903097427783468,0
4819,42.18175486286829,1.8810282263264626,17.85178949924918,0.8980070541190148,0
2914,42.945344218504076,2.1345120340687664,13.841909327663702,0.9178401069967227,0
3474,43.16387892022504,2.1218185235137605,10.487500130503546,0.9079407019969569,0
1352,41.466216213909114,2.6933790330655767,12.643119306279909,0.9263581676819136,0
7096,46.51224857180062,1.5018041554164663,15.43605018426513,0.9329886093240612,0
4773,41.860357566230256,1.8600634569169892,13.042371507837721,0.9316355791943778,0
4630,45.078433568978014,1.4414293365617448,14.823911061647912,0.9117974750963049,0
6981,41.356341593127986,1.4939525571012116,15.676504975058357,0.9256895125892894,0
7049,37.32850686807771,2.188287007569562,14.637229193781428,0.9407025783235347,0
9621,49.562176246295834,2.4049289208185134,14.011291324286566,0.9289112916255499,0
6341,47.497634925477044,1.6753041531281274,12.498607874023548,0.9571795538888684,0
8117,56.44341034398836,2.386047394487645,15.043887616430665,0.9396435797353337,0
7041,39.78013580000871,2.555789328565984,10.870085224830529,0.9543681414529692,0
9650,43.955197563339844,2.967352999216695,13.628003916561157,0.8701531374413988,0
7102,44.35746259572097,2.0348734244205247,13.144431781878477,0.9219335224228047,0
1431,49.946847191410654,1.6801177362779334,14.52124629698217,0.9135213499809557,0
4361,42.46446052933696,1.4987640341970527,14.573340401381461,0.9175004053937157,0
7748,39.14479072912073,1.4491034010400532,16.91991334886749,0.9039008115979172,0
9650,51.03904654230501,2.6248903507018033,18.1669545544992,0.9279239880076836,0
5215,43.41674985369386,1.242452328522175,12.76444231952606,0.8838328713516518,0
4737,49.39321754863022,2.6088742428256,18.98566525054006,0.9280687372574259,0
4954,48.810992003961054,1.5657794853739255,13.441408800957136,0.9045657755963892,0
3277,44.8505476304885,1.6573969010702971,15.345053565846179,0.9099922781975913,0
7830,44.12843147482626,1.9242222724950102,16.021725978296637,0.9287700353913148,0
2280,43.042175968350975,1.6481727252167444,19.88916550516501,0.9215755545573268,0
4992,44.92403435615005,2.4659898774797875,13.915435324474672,0.9410784182281291,0
7143,49.31550113085316,2.9066719759913875,11.406523974043893,0.9006099298830803,0
237,41.017799094702106,1.6712839212234312,17.98075894038596,0.9183858869556575,0
6427,45.5442281510456,1.7838810804176866,13.33325288240913,0.937775462340223,0
3572,39.40684285900596,1.9183395963580507,14.276822838848814,0.927223994875028,0
5549,40.029468834789036,2.2705283817463187,12.76450069214765,0.928511885069256,0
2932,44.84530501422188,1.9232578605220718,14.282592453902161,0.9421608571676647,0
3679,35.199209958530844,2.6936287055262977,13.319216927589117,0.9118751510226095,0
6071,55.30279308308026,2.573311958280964,16.352883632989542,0.9076633824575546,0
4264,39.034700225448816,1.40726882320245,15.161583259443958,0.9315180887386467,0
8041,44.79955743671723,2.260484082787414,13.637889678770643,0.9170113702797783,0
5669,50.84108860908432,2.7601696186547513,16.991743953317854,0.9424440713539544,0
4400,40.68547330624751,1.7526095271165583,15.509993501349198,0.9273954687423012,0
6369,33.48651505227642,1.8528675641032217,11.30790349911189,0.9075329863941948,0
3918,42.77527119937664,1.7359815010735224,16.839406628168604,0.9267676805362228,0
2006,40.625898099619405,1.7464621922382473,15.369735767705269,0.9019460067155494,0
6354,33.61813245703999,1.1657742240444762,17.781464975183084,0.9389385693671412,0
860,46.42444946286099,1.3358425242674747,15.247834852685289,0.892056953869037,0
7930,46.03546931116476,2.038736859368615,13.41658129886481,0.9444413054839238,0
7450,50.71163227269176,2.7567989873263894,14.591409333396326,0.9264175302236916,0
6338,39.39588817239806,1.6933195937408585,16.60783866176144,0.9167087806075466,0
6190,37.004317567764936,1.6786213485257209,13.458525880598275,0.9352666830186775,0
6131,42.966384584767084,2.8507605352103673,14.119406425784883,0.9302265328832472,0
7787,44.558286704954526,1.4458712690920066,14.556622840001866,0.9466076337131613,0
9191,49.60674801493248,1.169378418646789,12.701256779568254,0.9464212347670694,0
8572,52.052840025025795,1.58574228193125,13.487353150742852,0.9270458088833258,0
1987,51.07239566953673,1.668607760602817,15.345100383608381,0.9025645862391685,0
3366,46.382718334463334,1.1262734576524673,17.404955495306016,0.9091698199910753,0
766,48.99749626752074,1.9359791468626943,15.63429396942095,0.918567062283767,0
4288,41.79753282615408,2.474223174930768,14.908277481261957,0.9416344338879019,0
771,45.84197596237623,1.3570226131425869,13.337458452095378,0.9108722707732505,0
6877,39.043549303560965,2.0437891094767946,17.190320823440462,0.9125411895913973,0
7670,45.313426984434365,2.1979678378133864,15.867010999893685,0.9569670125853486,0
8056,45.44323348699006,1.9583078623628534,13.58654047296152,0.9179140297724455,0
5224,53.610643028424846,2.0928462948705295,16.797296917369803,0.907305362194668,0
5685,43.85508569254877,2.0986636312976055,16.119154123020934,0.935532920567883,0
4877,45.45021418826643,1.5936360215407839,13.372939301267529,0.9188773143408083,0
4000,46.18480707856021,2.749291286005934,14.797243487471599,0.8922080167313288,0
6777,42.72589842055773,2.6238784170381075,14.014454543514127,0.9408182816561476,0
7081,40.98753633394176,2.5949556986205837,20.26707588006321,0.9050592135860146,0
6476,51.49405662423526,2.506837870271932,16.06348976625132,0.9208717119677916,0
623,40.09541278519851,1.212510265283488,15.373524109696481,0.9186372177242529,0
2493,38.360409641563635,2.4630311889059833,15.945326112153428,0.9246020234693973,0
2693,48.4013268964774,2.327800713774754,17.758325176394997,0.8761785185487068,0
7340,50.78907421012005,1.2317381925281083,14.833239711123069,0.9132980104240154,0
7037,42.7429517119968,1.8925448224249608,13.820181404268487,0.9424967412023141,0
6290,42.8197325617506,2.1383967246626443,16.688566456194835,0.9453089103978332,0
5340,46.41271763053397,2.8321585490623176,14.650110867997377,0.9001741923671936,0
6593,41.46073661628408,2.3623619289471294,12.860209341838994,0.9384119648542364,0
2978,41.09143739694016,1.5677171363608493,12.470627136487883,0.9047714049114883,0
4243,49.39796293993183,2.8476942292259815,18.058593101679065,0.9125093548122544,0
3744,48.03565550391809,2.0218898813569446,15.263289133838569,0.9135603126708151,0
4532,51.55579443159053,1.8720794315484541,13.820865232015198,0.9221760741941082,0
1376,38.73705493817252,1.8364409017055938,14.531330177915873,0.9400273291258173,0
5911,42.48768756544692,1.1882223809884334,16.614889436016703,0.9252916907205823,0
402,46.405897811347266,1.945115248091929,14.41318896831591,0.9174773647935232,0
738,40.371895751128164,2.248742628652829,12.101160541645164,0.9393462246607643,0
155,48.20843718577325,1.807308336237392,15.65168170429585,0.9039467721953257,0
8817,51.12313543613166,2.210226238623779,17.416695635147125,0.9184556511306411,0
8250,52.619399250913,4.879295323340699,23.71963291619192,0.8478620896185779,1
2225,45.192959701135166,1.92953604286119,13.88134012372551,0.9305861242358116,0
464,52.278093450405585,2.1582701633043158,17.53834531291676,0.9106739204511017,0
6909,53.996357875095,2.0948304385317105,15.425899947343245,0.8897408646679947,0
4721,48.72900625530202,1.197267455140477,17.482294687757452,0.9262171638158962,0
5226,47.96714586596804,1.7804970245643856,16.147374060005106,0.8884264959619402,0
5222,40.73131732657544,2.838731465156303,11.95680631473466,0.9157499727061768,0
1746,46.79604700228921,1.753776962834741,18.493477875016694,0.9435789679847334,0
1018,47.78410420387499,2.00790377205592,15.103567702397907,0.931935172926037,0
2897,43.948149207194774,1.9566221247255278,16.153587647827635,0.8795269204397567,0
6606,42.026118727221686,2.7841198794598254,12.311910743056313,0.9240090300868063,0
5970,38.59351163261572,2.645184061097335,16.01065300015613,0.9136166017079481,0
1631,36.31135122474354,2.403765499909405,17.20585546548532,0.894525651985491,0
8272,35.260582433394184,1.5133788433137332,18.87064067319681,0.9267004259160421,0
3445,47.89721286433631,2.1795915245960398,17.800799589590564,0.9101652430241854,0
7773,45.73849662613389,2.2839708715375657,16.108449407892078,0.9102893192272101,0
7049,42.580944342294515,1.650697582201973,11.911245293303228,0.9224809023685344,0
6982,43.3427185113768,1.5647414470761556,15.264545580994843,0.9074823093819704,0
2006,46.052352707652425,2.852507073603515,13.81498086957414,0.9219147166773313,0
3186,44.17718464495703,1.8495983438915355,15.469955749632494,0.9081335022074014,0
8252,38.297234099980855,2.807488409455574,12.567348334409802,0.9092307707875492,0
5850,49.5650011013715,2.498546877747267,14.579666184416197,0.9398585953859107,0
9005,46.52063085334905,2.203938391187661,13.965633832387862,0.9418934327276056,0
1162,46.32949239906924,2.2262657181797425,13.903667288061508,0.8858269150571475,0
2076,49.18781351679186,1.299790219834616,13.923527628017691,0.9349414568769311,0
1396,40.931773219701626,2.1033873899172084,14.72829056722351,0.9479718200925221,0
6329,51.06865718862921,2.7085102064908133,15.572389518096044,0.9511475363480716,0
7741,44.29978574028881,2.3406697515928045,10.003012824257098,0.9304075945177024,0
225,49.442994401654374,2.0771683435322053,10.247134287324272,0.8988520428451221,0
4732,48.67224516743828,2.855968597908515,14.32261732015625,0.9325996168069507,0
6388,55.949989362240764,3.1335100225574686,22.546312639483233,0.8149591978286409,1
3696,47.51450202457068,1.6902221624891578,15.378222433207881,0.9131406966768669,0
6268,46.631373354233425,2.0769159580391285,13.544655290287551,0.9276616431408964,0
9895,45.15155828747171,2.383233684055798,15.018930388045364,0.9039048130676253,0
7661,44.52814124982309,1.1411029520958695,15.25304641003611,0.8970719938656444,0
8358,44.57053375141104,2.142434321745209,13.530883806269056,0.9293154663698165,0
332,49.06344712821998,2.405172507768155,17.0269116434822,0.9573444840862464,0
9461,47.88955256895755,1.8651791873515695,15.35397262291012,0.9448646866095893,0
6471,45.152394251328325,2.5534823831513207,16.09392219092658,0.934143723701002,0
4306,37.54031926764313,2.320593331205535,15.137691462567705,0.9395837087117948,0
9785,47.47221707041809,3.070691559255539,19.20734620612344,0.9327543899436384,0
8043,65.12998584284361,3.6706440971048044,24.94726829474417,0.8515227687299092,1
6991,56.50205042723485,2.4153549252480446,14.02401336758555,0.937972356791973,0
6838,50.37716531552519,1.4913380461012977,16.641933768736802,0.8926327381589196,0
2572,35.50411806042266,1.192316774361637,11.724790165086656,0.9239897059888583,0
2839,45.39214699509321,0.9822345785910636,15.239200525334208,0.9183810358751232,0
5501,54.05687514332491,2.269162011198463,15.638320580183981,0.9215780566228913,0
1861,48.117744284508184,2.0921239569720513,15.262041524157397,0.9107725557050642,0
976,46.64326080186605,1.7604744713191232,14.332442258322226,0.9304097568954847,0
3912,49.50114329457618,1.1132478330251936,12.975453286325969,0.9036414398062479,0
9604,70.41106949153287,3.5466942286717926,26.349428133965915,0.7813331728727124,1
1560,47.39044998313728,2.002046503837728,15.204149832494767,0.906922401726958,0
1833,43.74765980504045,2.396584683396549,12.772961535144015,0.9372789327453974,0
1705,44.90188257094763,1.9917321248761872,18.540335231294545,0.9197655299358162,0
5722,49.142272578475534,2.126030171352639,9.718204641312589,0.9107833532040648,0
6867,40.366434487539095,1.811933809512932,14.353124264910793,0.9125314060996764,0
7086,51.43991236900969,2.874612101263577,15.220779278215394,0.9200776123336082,0
3617,42.885940194572285,1.490875177835886,16.014841855666578,0.9524434983773971,0
3835,46.303314165752035,1.650380891357436,13.168150545475147,0.8952695932730665,0
9452,37.997460198625284,1.7538209630032435,17.268589587776425,0.9335101999535957,0
8534,48.59918645435695,2.271352198988362,12.212337912374155,0.9294372467606202,0
2690,52.23251967973289,1.4805701051065596,13.867742822784864,0.9023406920310645,0
1163,42.42679225390926,2.0678592952739994,16.241495110558848,0.9493374658030937,0
4424,39.448883067452,2.082455071713279,17.080377129585504,0.9307856090176135,0
9211,73.96713936547478,5.034555183595819,21.07189213222855,0.8198492902773248,1
5442,52.27405322495871,2.1649897304784282,20.290073580830317,0.8828117334810749,0
105,37.75071717259547,1.4960930506312844,13.205016873665581,0.9245829366899823,0
7589,39.46845909385829,1.441462928769127,12.375635044944435,0.9191050883048804,0
8759,42.72905220844242,2.0498028782607203,16.005429783546514,0.8993857413746776,0
8295,40.89828087734652,1.1701222072609685,14.303413092837086,0.8991277117972873,0
6066,58.50250481227351,5.026582006166846,29.887407139154536,0.8283579363537623,1
8937,34.529396861681114,2.2664166503984,16.19128811513944,0.8808861018535802,0
217,47.94528473702934,2.524484971295585,11.94540861914438,0.9262856551014608,0
2651,46.69360251434818,1.7665984406537354,11.595731200050595,0.9162512604937828,0
5660,36.505754000981774,1.6659646739511147,13.805153269713543,0.9299430965670689,0
4389,52.28597879978123,2.50276761298728,17.155803478906652,0.914113899802796,0
946,53.405461574652435,1.42723089100054,13.891889413174432,0.9258654993052063,0
6416,41.24547225109943,1.3183136876394208,18.198313369057228,0.9051445031094258,0
6569,50.83274295488503,2.353818211854244,17.40202952234378,0.9190159016765327,0
9433,42.13501097504527,2.0045190932561536,15.56589236901497,0.9297816775630149,0
9015,45.9055825510553,2.532438369645119,15.679447718749515,0.9230174374255095,0
324,40.82118932489546,0.9298670606110104,15.564005250033711,0.927606136848031,0
4308,56.071257617311375,1.2996630044407185,15.3194354573642,0.9014415740109671,0
6383,43.51991386335051,2.0071660299220784,14.26751660504364,0.908186508762303,0
2148,45.63224511411731,2.2088368492418935,14.499624333585674,0.9085332032156811,0
6333,41.56031306268086,2.423498543844729,12.860079686814835,0.914470204888265,0
9865,54.30657798618197,2.0874088844043888,10.579914421419641,0.9471716573923566,0
1928,54.43307323044705,2.0823275776792847,17.2081412185641,0.912916424889286,0
2017,53.1546459063147,1.8052992284849008,15.314516873570597,0.89712881080469,0
4334,49.782201741738106,2.795452452452259,15.012422711243572,0.9308329137570119,0
7088,41.87605226532974,1.448488272264751,15.79689824571576,0.9469328686286896,0
2126,49.13925047981209,2.1795100762779693,13.343205090412702,0.8947757629629538,0
3844,44.964786005376325,1.50609558270599,12.997875573231134,0.9594562150943619,0
9193,75.23874887970214,5.329297376932502,25.319312418003932,0.8225230910343534,1
109,50.57951026682681,1.4814912153061168,17.736196963527625,0.9406778157813679,0
360,41.753672109620375,2.371907849250229,12.662517943013746,0.9493414327008664,0
6138,49.739129014186084,2.0560524734122585,9.745869286383668,0.9394523528541548,0
9965,64.4761389657377,5.087823514239806,29.35495095342108,0.8006113921266489,1
2319,31.13218568543276,1.859490176364207,17.285399832470365,0.9443539628838283,0
7141,49.00468319814731,2.2124830581237727,11.534911951291292,0.9250919953974184,0
2160,42.84102105679897,1.610171859769645,12.639432792354256,0.9418096944981529,0
5387,40.56978772834163,1.8560534967793527,15.527093481156337,0.9439975096756137,0
1719,40.78369697853129,2.0528747397221765,20.13981407095067,0.8981820682005447,0
8612,44.323785521839845,1.236390038764313,12.28357666294761,0.9358860226395401,0
1442,47.400297900433415,1.291188032907614,12.206131817064081,0.9163621616297326,0
2932,38.1726898890391,2.2999296499178223,15.67739673767837,0.9227638127356803,0
2924,45.949239181062325,1.9269565892341602,17.40934887998741,0.922541854976856,0
2094,47.88379033096536,1.703536733475989,13.751802575348579,0.9217394043515073,0
3590,70.57931828597015,3.9699654672763307,24.017470078262953,0.8627612819184027,1
9410,39.61654915387435,1.650755602138153,15.867498441772693,0.8926710474621188,0
8084,68.84510073688205,5.069318731881067,25.69192971853521,0.7877532428366253,1
1704,46.308314863482394,2.222517932058095,18.557310253076498,0.8813341985666886,0
335,50.73704665095803,0.953946385187388,16.313894224648557,0.9413828852787183,0
2008,43.47888059414093,2.706417028384946,16.65613215274476,0.9045312501626468,0
8667,50.99320685995526,2.6708503814709963,14.47570971226419,0.9226437293902978,0
3630,35.3131884176177,0.8346726182265503,19.883008684338936,0.9177056575175084,0
5356,38.73325903439057,2.5429633481613987,14.20371597882306,0.9022724971872005,0
2735,46.743221721671105,2.5276094256655215,13.77615575717646,0.937029544751114,0
8262,37.945877509560624,2.0002227470937726,18.619029837037214,0.9174507406356524,0
9862,58.984887443488006,4.470094773125253,23.373084261351927,0.8336246808803278,1
2660,42.361115678770304,2.507614045832536,11.30518323094417,0.9246574261548051,0
5515,48.85719495957912,1.8793844668513242,15.23911384919697,0.9344154416967644,0
3491,35.52017579346355,2.274439421909478,14.996526953448608,0.9008204751293111,0
6051,45.85149181081197,3.109600635980889,14.544224036898676,0.9374583669466657,0
5568,50.16481973576403,2.1259183753118096,16.987859514243304,0.948997070395467,0
8107,44.025273957855205,1.541557654140719,13.183587635422858,0.8914775526247765,0
9164,43.1558488520373,1.8321345025401392,15.128334251249349,0.9255659795825567,0
9544,47.008856412792866,1.605277319879506,14.279788094723626,0.9139015557528535,0
6513,44.0394447363928,2.2167448587242613,13.217562999786498,0.9339846116144028,0
7041,51.952498906203736,1.5969662206250976,14.876319832078634,0.895666815749463,0
9606,39.44293493932783,1.7635742888251784,16.705191606590205,0.9525787645128716,0
4920,44.74177922417458,1.3577848127962002,19.241136240861003,0.8878421038714186,0
2998,46.028431874803424,1.9339564972404282,16.15883796579794,0.9151143812044693,0
7646,43.1077297407677,2.088377396651025,9.978329997197097,0.9286859215199073,0
177,30.643586685212693,0.6576059764412538,14.923719829116703,0.9062732630613035,0
7677,44.195475459754036,2.1297867807401105,15.099605581805665,0.9031319690308592,0
4327,49.50088493456233,1.9771498844516104,16.8724180191599,0.9244447127326105,0
700,48.89054593063009,1.6175040256219364,15.369620604979477,0.9215551983998217,0
1165,46.773892410851,3.0143144621349363,17.506177834604152,0.920118763388303,0
2236,39.51068820825388,2.4792382638023773,15.783341231230544,0.9371737702293126,0
9610,46.97654731229242,1.4517987569242994,18.11759613899578,0.9121105461314396,0
7043,42.13281089228881,2.4191184397855703,14.122508159903413,0.9263918529959001,0
7904,46.767414529743334,2.622249038010529,15.288686934593388,0.9098679438344838,0
6665,45.60752505700858,2.0660104613087786,16.653283070779793,0.9030134102834119,0
6084,40.11812364358314,2.1807210184736627,13.855611859413113,0.9143048274301997,0
5242,40.53772080321548,2.1691733334607957,13.419974395837848,0.9100246962561274,0
4770,46.775112272107584,0.9570920705383557,13.74129580062663,0.9110239239767444,0
2290,43.89443452355749,1.9065652015748005,13.501568765822155,0.9433065483560432,0
9284,40.79859284671436,1.8805435790079856,16.045123841750655,0.914917930919289,0
2812,40.38584905136584,2.715077818279939,11.330383940730888,0.9067418665544027,0
2292,43.480845760068924,2.1668639317809366,11.888059947364185,0.9205615754809598,0
1348,52.84052397359105,1.8511945189416525,18.725492984714524,0.9220845587825682,0
4133,42.36960983894021,1.9549376295044945,13.549806558051644,0.8962623754081186,0
2097,44.92990230871206,2.511692790813701,15.400029702343497,0.9140318745615231,0
3787,45.50822143844755,1.9077076683773422,12.021707164201743,0.9132263135180281,0
4118,39.344868042540284,1.6509022334541954,15.188248535578552,0.9165571145258306,0
2070,36.185837580786526,1.8621489035395669,13.561986664637192,0.9345105674607598,0
8489,57.477534346145475,4.347611446542661,27.8010286078971,0.844408144822061,1
5865,46.23538688903152,2.2480824527989682,17.673840875129425,0.9445587469477067,0
1302,45.43665528957705,2.022133986674557,17.365131454121745,0.9197667928822237,0
8235,78.01337496731016,6.1188262049746545,29.715914945933555,0.8476991880689467,1
5667,45.48374947479558,1.720128763202259,16.998838065355823,0.910784499725367,0
7767,44.452253542653985,1.9030252997786732,18.80658537545432,0.9046087523766976,0
5842,41.979938625374366,1.6683478391127413,16.50815186631618,0.9309460534955395,0
5888,49.423033949313464,1.8526103578501283,15.959359479019927,0.9472816387493004,0
5508,40.40409930639642,2.6730891318133123,15.397899392966618,0.8924239339082956,0
8769,65.37872978373139,6.001388074131292,24.63946299367667,0.8211392211636585,1
9546,68.95736362666109,5.157432334566184,23.25262608748763,0.8254742174714966,1
1022,38.334213446731724,1.3728505685321242,14.446728261677107,0.9228570202598416,0
519,57.07395499329316,1.2645456214062007,15.90178275042503,0.9202003584699882,0
2304,45.39996690279572,1.9066140429023544,14.052270259680942,0.9469076249525544,0
1220,46.73953058162443,1.6911954090996066,14.268400654412995,0.9178319041425044,0
1050,40.95790087738307,2.880844465396096,15.000373329269946,0.9474956819794046,0
2436,56.20589060787364,5.545451950113997,28.75972089508564,0.8202039717660976,1
5473,42.86621441558823,2.644698431715012,12.734672492880705,0.9385296375021044,0
2343,42.29082506165679,2.4840032374703167,16.51835700541052,0.9245732605627345,0
2745,48.16480875754913,1.895522922387993,16.583592825606942,0.9545977079736689,0
4712,42.752119808873594,3.0550677910428115,16.571624018593617,0.8904597027437114,0
1965,50.0875061454209,2.1342669932324045,13.386507239581022,0.8967228456448035,0
6128,58.31591175059912,2.7565046330019944,11.614636768978126,0.9566324456931677,0
7426,43.52229379926725,2.698298445790632,16.119400944822843,0.905334698130273,0
6471,45.76157756788312,2.2073239925523915,15.375077568827924,0.9066039328384828,0
6459,46.89741028582754,2.375565423902925,17.008753269526263,0.902485528290003,0
7963,54.05752406296759,2.3120357075597378,13.598926343980922,0.9429689191306745,0
3328,44.586761074809054,1.4278692843041458,16.520236752512723,0.8949308477354976,0
3819,40.85491540170818,2.028645177226508,17.108824224438823,0.9204490082455533,0
2471,38.668297471871476,2.5371236169723304,14.8093805579013,0.9146875635643893,0
2991,44.71008026283883,2.7630931586808307,15.833859006529632,0.9407303116700887,0
3856,42.75809890473059,1.639680164084025,15.76393291504819,0.9087263467533672,0
4325,55.050046446500005,2.26441565090651,13.3570609419407,0.9283054515822655,0
194,53.84931210338483,2.0754351066387673,16.062193204569216,0.8965756765324546,0
2774,39.82813586038201,1.9410629677092022,18.24499668180203,0.9654788207735441,0
6998,41.44619948225411,2.178001314612513,15.044407869085273,0.9152081535069259,0
893,45.36885053943443,2.1089987053330685,12.078150122696686,0.9201752696977074,0
2216,51.98613211279381,2.2707037844362943,13.625546938171981,0.9530950871770109,0
5879,45.28506568185526,2.720858380475026,11.441141102296745,0.9082665445138959,0
6266,41.763796810059766,2.39206379543235,17.58052225809213,0.9533476468587724,0
914,44.705590950486375,2.1552956294363512,16.52821059265619,0.9117705765172408,0
445,41.857575680519766,2.9323125284115394,13.997261456664363,0.9334339636764252,0
8654,48.01238604719741,2.554964797940168,12.163880156062127,0.908546367196814,0
2543,41.454831441676475,1.9538007806983257,13.33341008351502,0.8928792710971053,0
7883,42.44781973786517,1.3914397988235474,13.723446068605705,0.9282918870108123,0
1084,50.80966906728048,1.5060846595397672,15.218815198040117,0.9327980680196707,0
7890,41.15817526342964,2.466616224157817,15.15151868639676,0.8936822851534753,0
9931,54.066909305538395,5.54966819886452,28.137073094602602,0.807889797342197,1
927,45.47496875678152,1.495972261444026,13.614490284603916,0.9440151792307382,0
3631,43.19763297897702,1.6209573366564003,11.983624291292143,0.9320023790159322,0
7247,47.55707750464977,1.65630784395465,12.686043049715416,0.912095699964319,0
4551,46.58735967365545,2.4253238338911256,14.953950291106999,0.9080494859673109,0
3976,44.84040752678319,1.921628962108862,13.542643866108419,0.9589648865026956,0
6059,44.69478287265002,1.3138126998502972,14.415982908973948,0.8910613586039429,0
226,41.320707753385825,2.0155224488811783,14.091932839361112,0.918816028511828,0
